{
    "args": [
        55.0,
        97.0,
        1.0
    ],
    "result": [
        -0.010370255890702331,
        -1.7532661077456613
    ]
}